Nom complet;Login;Mot de passe;Groupe;UO
Mike WHEELER;m.wheeler;P@ssw0rd;GG_COMPTABILITE;OU=UTILISATEURS_COMPTABILITE,OU=UTILISATEURS,OU=TSSR,DC=TSSR,DC=INFO
Cartman DESOUTHPARK;c.desouthpark;P@ssw0rd;GG_COMPTABILITE;OU=UTILISATEURS_COMPTABILITE,OU=UTILISATEURS,OU=TSSR,DC=TSSR,DC=INFO
Max EISENHARD;m.eisenhard;P@ssw0rd;GG_COMPTABILITE;OU=UTILISATEURS_COMPTABILITE,OU=UTILISATEURS,OU=TSSR,DC=TSSR,DC=INFO
Aragorn ARATHORNSON;a.arathornson;P@ssw0rd;GG_COMPTABILITE;OU=UTILISATEURS_COMPTABILITE,OU=UTILISATEURS,OU=TSSR,DC=TSSR,DC=INFO
Hakeem LYON;h.lyon;P@ssw0rd;GG_COMPTABILITE;OU=UTILISATEURS_COMPTABILITE,OU=UTILISATEURS,OU=TSSR,DC=TSSR,DC=INFO
Flash MCQUEEN;f.mcqueen;P@ssw0rd;GG_COMPTABILITE;OU=UTILISATEURS_COMPTABILITE,OU=UTILISATEURS,OU=TSSR,DC=TSSR,DC=INFO
Dustin HENDERSON;d.henderson;P@ssw0rd;GG_COMPTABILITE;OU=UTILISATEURS_COMPTABILITE,OU=UTILISATEURS,OU=TSSR,DC=TSSR,DC=INFO
Ezio AUDITORE;e.auditore;P@ssw0rd;GG_COMPTABILITE;OU=UTILISATEURS_COMPTABILITE,OU=UTILISATEURS,OU=TSSR,DC=TSSR,DC=INFO
Harley QUEEN;h.queen;P@ssw0rd;GG_DIRECTION;OU=UTILISATEURS_DIRECTION,OU=UTILISATEURS,OU=TSSR,DC=TSSR,DC=INFO
Bob LEPONGE;b.leponge;P@ssw0rd;GG_DIRECTION;OU=UTILISATEURS_DIRECTION,OU=UTILISATEURS,OU=TSSR,DC=TSSR,DC=INFO
Lagertha LOTHBROK;l.lothbrok;P@ssw0rd;GG_DIRECTION;OU=UTILISATEURS_DIRECTION,OU=UTILISATEURS,OU=TSSR,DC=TSSR,DC=INFO
Walter WHITE;w.white;P@ssw0rd;GG_DIRECTION;OU=UTILISATEURS_DIRECTION,OU=UTILISATEURS,OU=TSSR,DC=TSSR,DC=INFO
Boromir DUGONDOR;b.dugondor;P@ssw0rd;GG_DIRECTION;OU=UTILISATEURS_DIRECTION,OU=UTILISATEURS,OU=TSSR,DC=TSSR,DC=INFO
Stephen STRANGE;s.strange;P@ssw0rd;GG_DIRECTION;OU=UTILISATEURS_DIRECTION,OU=UTILISATEURS,OU=TSSR,DC=TSSR,DC=INFO
Buzz LECLAIR;b.leclair;P@ssw0rd;GG_DIRECTION;OU=UTILISATEURS_DIRECTION,OU=UTILISATEURS,OU=TSSR,DC=TSSR,DC=INFO
Natacha ROMANOFF;n.romanoff;P@ssw0rd;GG_DIRECTION;OU=UTILISATEURS_DIRECTION,OU=UTILISATEURS,OU=TSSR,DC=TSSR,DC=INFO
Rocky BALBOA;r.balboa;P@ssw0rd;GG_INFORMATIQUE;OU=UTILISATEURS_INFORMATIQUE,OU=UTILISATEURS,OU=TSSR,DC=TSSR,DC=INFO
Forrest GUMP;f.gump;P@ssw0rd;GG_INFORMATIQUE;OU=UTILISATEURS_INFORMATIQUE,OU=UTILISATEURS,OU=TSSR,DC=TSSR,DC=INFO
Obiwan KENOBI;o.kenobi;P@ssw0rd;GG_INFORMATIQUE;OU=UTILISATEURS_INFORMATIQUE,OU=UTILISATEURS,OU=TSSR,DC=TSSR,DC=INFO
Bruce WAYNE;b.wayne;P@ssw0rd;GG_INFORMATIQUE;OU=UTILISATEURS_INFORMATIQUE,OU=UTILISATEURS,OU=TSSR,DC=TSSR,DC=INFO
Jessie PINKMAN;j.pinkman;P@ssw0rd;GG_INFORMATIQUE;OU=UTILISATEURS_INFORMATIQUE,OU=UTILISATEURS,OU=TSSR,DC=TSSR,DC=INFO
Lara CROFT;l.croft;P@ssw0rd;GG_INFORMATIQUE;OU=UTILISATEURS_INFORMATIQUE,OU=UTILISATEURS,OU=TSSR,DC=TSSR,DC=INFO
Gordon FREEMAN;g.freeman;P@ssw0rd;GG_INFORMATIQUE;OU=UTILISATEURS_INFORMATIQUE,OU=UTILISATEURS,OU=TSSR,DC=TSSR,DC=INFO
Thanos LETITAN;t.letitan;P@ssw0rd;GG_PRODUCTION;OU=UTILISATEURS_PRODUCTION,OU=UTILISATEURS,OU=TSSR,DC=TSSR,DC=INFO
Jack SPARROW;j.sparrow;P@ssw0rd;GG_PRODUCTION;OU=UTILISATEURS_PRODUCTION,OU=UTILISATEURS,OU=TSSR,DC=TSSR,DC=INFO
Son GOKU;s.goku;P@ssw0rd;GG_PRODUCTION;OU=UTILISATEURS_PRODUCTION,OU=UTILISATEURS,OU=TSSR,DC=TSSR,DC=INFO
Katniss EVERDEEN;k.everdeen;P@ssw0rd;GG_PRODUCTION;OU=UTILISATEURS_PRODUCTION,OU=UTILISATEURS,OU=TSSR,DC=TSSR,DC=INFO
Peter PARKER;p.parker;P@ssw0rd;GG_PRODUCTION;OU=UTILISATEURS_PRODUCTION,OU=UTILISATEURS,OU=TSSR,DC=TSSR,DC=INFO
Altair IBN LA AHAD;a.ibnlaahad;P@ssw0rd;GG_PRODUCTION;OU=UTILISATEURS_PRODUCTION,OU=UTILISATEURS,OU=TSSR,DC=TSSR,DC=INFO
James BOND;j.bond;P@ssw0rd;GG_PRODUCTION;OU=UTILISATEURS_PRODUCTION,OU=UTILISATEURS,OU=TSSR,DC=TSSR,DC=INFO
Solid SNAKE;s.snake;P@ssw0rd;GG_RH;OU=UTILISATEURS_RH,OU=UTILISATEURS,OU=TSSR,DC=TSSR,DC=INFO
Han SOLO;h.solo;P@ssw0rd;GG_RH;OU=UTILISATEURS_RH,OU=UTILISATEURS,OU=TSSR,DC=TSSR,DC=INFO
Samsagace GAMEGIE;s.gamagie;P@ssw0rd;GG_RH;OU=UTILISATEURS_RH,OU=UTILISATEURS,OU=TSSR,DC=TSSR,DC=INFO
Homer SIMPSON;h.simpson;P@ssw0rd;GG_RH;OU=UTILISATEURS_RH,OU=UTILISATEURS,OU=TSSR,DC=TSSR,DC=INFO
Michael CORLEONE;m.corleone;P@ssw0rd;GG_RH;OU=UTILISATEURS_RH,OU=UTILISATEURS,OU=TSSR,DC=TSSR,DC=INFO
Tony MONTANA;t.montana;P@ssw0rd;GG_RH;OU=UTILISATEURS_RH,OU=UTILISATEURS,OU=TSSR,DC=TSSR,DC=INFO
Indiana JONES;i.jones;P@ssw0rd;GG_RH;OU=UTILISATEURS_RH,OU=UTILISATEURS,OU=TSSR,DC=TSSR,DC=INFO
